neighbor_size,nb_threads,ips
1,1,0.167656
4,1,0.173451
8,1,0.124635
16,1,0.077234
1,4,0.572673
4,4,0.485203
8,4,0.430817
16,4,0.247589
1,8,0.797013
4,8,0.74601
8,8,0.628958
16,8,0.394943
1,16,1.28609
4,16,1.2274
8,16,0.993252
16,16,0.648737
1,32,1.39775
4,32,1.36917
8,32,1.04613
16,32,0.686491
1,64,1.47721
4,64,1.35544
8,64,1.02999
16,64,0.702923
1,-1,1.2989
4,-1,1.15754
8,-1,0.925241
16,-1,0.614411
