kernel_size,nb_threads,ips
1,1,3.15978
1,4,11.0423
1,8,16.8397
1,16,13.7572
1,32,19.888
1,64,19.1933
1,-1,16.2152
4,1,0.397555
4,4,1.55636
4,8,2.17429
4,16,2.89195
4,32,3.34622
4,64,3.26443
4,-1,3.22957
8,1,0.12037
8,4,0.395157
8,8,0.706382
8,16,0.953024
8,32,1.09411
8,64,1.10347
8,-1,1.02639
16,1,0.0326331
16,4,0.11626
16,8,0.210217
16,16,0.284795
16,32,0.29634
16,64,0.299564
16,-1,0.395987
